	roberta	bert
mnli_matched	0.29058873624118153	0.9597827630222777
mnli_mismatched	0.3589339266501664	0.8257491307927874
mrpc	0.286710072981135	0.12498792712963942
qnli	0.06787145651036376	0.33495422392825047
qqp	0.8465654156470974	0.24978938915369275
rte	0.010763599454504053	0.9372777697133207
sst	0.1105332188842073	0.8382997497768873
